<?xml version="1.0" encoding="UTF-8" standalone="yes"?>
<manifest>
  <control namespace="Ciarank" constructor="CurrencyControlPCF" version="0.0.1" display-name-key="CurrencyControlPCF" description-key="CurrencyControlPCF description" control-type="virtual" api-version="1.3.11">
    <external-service-usage enabled="false"/>
    <property name="DefaultValue" display-name-key="Default_Value" description-key="Default_Value" of-type="SingleLine.Text" usage="input" required="false"/>
    <property name="Prefix" display-name-key="Prefix" description-key="Prefix" of-type="SingleLine.Text" usage="input" required="false"/>
    <property name="inputtedValue" display-name-key="inputtedValue" of-type="SingleLine.Text" description-key="inputtedValue" usage="output" required="false"/>
    <resources>
      <code path="bundle.js" order="1"/>
      <platform-library name="React" version="16.8.6"/>
      <platform-library name="Fluent" version="8.29.0"/>
    </resources>
    <built-by name="pac" version="1.30.2"/>
  </control>
</manifest>